index,keygen,hash,sign,verify
0,91.58928200000003,71.15629000000001,91.073623,99.325336
1,89.44352200000003,80.996396,92.31143899999995,104.85233799999992
2,85.15725199999997,76.36275499999988,90.78166899999997,96.10567500000002
3,100.38377800000012,81.89559099999997,89.88743199999999,77.88056599999982
4,87.95895999999993,76.64770999999973,92.09356600000001,94.4857820000002
5,84.60367700000006,54.15499800000043,87.11255600000004,87.68983900000012
6,90.68892000000005,71.96886100000029,88.87653099999989,91.00799899999993
7,99.00129800000013,76.6350010000001,74.73936300000014,104.90171199999986
8,87.34176100000013,89.2163999999998,92.32339700000011,92.5654770000001
9,93.82808300000033,75.02177500000016,90.4684229999998,91.62457399999994
10,83.70243900000014,74.7191130000001,89.27639999999974,88.74090699999942
11,117.3211969999993,71.9397370000006,89.58031200000005,110.14309300000059
12,107.2360950000002,74.37970199999927,88.4361200000003,92.11998299999959
13,82.10033800000019,72.38156299999991,88.4962030000006,86.32252600000083
14,88.27307999999994,50.514758999999685,93.24763299999995,94.7156530000002
15,88.44557799999984,73.38213299999916,89.57856199999969,96.69570699999986
16,93.99783099999968,79.28483700000015,99.78220399999918,93.11875899999995
17,85.99373900000046,71.52611799999977,88.96082100000058,108.40945199999987
18,69.42873200000031,77.62394499999937,107.23055299999942,94.27578499999981
19,100.46569400000044,71.79727999999977,67.76692300000013,111.06328899999971
20,85.01346199999989,76.510628,91.50557500000014,73.59729599999991
21,88.95936299999994,72.30835699999989,110.8789569999999,92.48614399999951
22,88.14916600000015,79.92803699999968,92.58209999999963,91.39853500000027
23,97.16874199999984,82.72137099999964,93.8111659999995,104.40521900000022
24,97.47852899999998,80.80360699999983,88.67615800000021,106.19990100000177
25,97.3307390000009,58.62880699999914,90.29925999999978,99.37466800000038
26,87.92425199999889,72.22348299999976,88.16020699999899,106.95143199999984
27,99.42358400000012,74.90823500000079,88.0552090000001,100.65014899999915
28,93.97074699999939,74.94060900000113,89.71185100000002,113.52379399999882
29,88.1185000000005,75.59543300000041,87.7854210000005,95.32635300000038
30,71.07316600000013,77.35965699999906,90.60725499999899,90.48892299999898
31,69.0443209999994,76.6313769999997,99.68728800000099,94.53623900000093
32,85.55741200000011,75.97367800000029,92.09269099999983,85.97653199999877
33,89.20727500000066,72.23877399999947,91.43790999999874,88.14766600000075
34,85.10712699999931,71.88340400000016,93.5863360000003,73.43217299999924
35,111.9266090000001,70.27896899999905,87.22805499999959,91.1950799999995
36,106.84939200000008,72.22231599999941,83.61785699999928,88.12083299999904
37,85.44308000000092,72.59739400000035,97.95960500000001,90.53171400000065
38,102.38204099999894,70.67888099999982,89.47939700000097,92.9536790000002
39,86.8732259999997,82.03771400000005,89.26094099999864,91.5455320000001
40,83.30927900000097,72.11235899999883,66.743480000001,115.6966369999991
41,91.57244899999932,72.29581500000131,85.83419999999933,68.88103199999932
42,107.29588499999954,73.15938500000084,90.52413100000012,89.66926899999999
43,87.34288600000036,57.274617999999464,88.14749900000061,99.38662599999952
44,84.8090059999995,70.65342200000123,94.30599200000142,90.58946300000025
45,84.09472500000084,75.01448399999936,76.17813299999943,113.61670899999808
46,85.02921199999764,70.54750700000295,91.06049899999925,85.728618000001
47,85.30424899999707,99.51929100000052,94.99435799999992,90.03705500000069
48,83.95910300000105,73.39771599999949,90.95783400000073,94.74736100000155
49,82.46579100000235,74.949650999999,87.98870999999781,88.64757500000269
50,99.77649600000223,70.5770479999992,86.7934779999996,91.07949800000279
51,90.53692299999966,60.025620000000345,70.72579599999881,95.45964199999798
52,89.69930899999963,74.754528999998,89.65147699999943,87.97733499999958
53,88.22724799999924,55.286065000000235,91.82436299999972,78.65259700000024
54,94.17490999999791,69.84347600000183,92.20818999999756,89.40560600000026
55,87.81371200000285,60.147493000000395,91.87981899999795,93.63146099999722
56,90.06009600000107,73.09297000000151,89.69901799999934,96.67004099999758
57,87.78958799999964,76.64683399999922,88.03858399999808,93.6300029999984
58,105.046918,74.65978000000177,89.05444400000124,99.71612200000163
59,86.4411489999984,69.73210299999846,88.10858300000109,103.72185499999978
60,91.67640599999868,76.85741499999858,92.13819000000149,91.7403630000008
61,84.90350599999874,92.58822599999985,92.52931000000171,92.22948200000246
62,87.83675299999959,77.91510700000072,91.39586799999961,88.12199900000269
63,114.32757400000264,87.06209799999851,90.29430099999809,89.63251899999887
64,83.59998199999973,80.95064600000114,91.08528900000238,98.13389399999869
65,86.43069100000139,72.28414899999916,88.14766600000075,92.22310600000128
66,83.38281899999856,85.86486599999989,93.36054799999692,95.76851299999907
67,84.19826599999942,76.53775299999688,91.17166400000133,111.77219500000137
68,91.83573699999761,73.57650400000057,92.25543900000048,90.26750999999786
69,84.6990500000029,73.12742799999978,89.78855900000053,94.0339129999993
70,86.15240399999675,73.18105199999991,88.44603700000152,121.91604599999846
71,84.65355000000272,61.1359369999991,84.46863600000142,93.58225300000049
72,85.07208600000013,49.190653999998176,92.22943899999882,72.43231300000116
73,81.81159200000184,81.30326599999898,86.46448299999975,88.99990400000024
74,94.76523599999928,77.72481900000275,92.11398300000292,95.63005700000213
75,86.3221510000003,70.39105100000234,90.15021999999954,93.35763099999895
76,85.11466900000232,73.76287700000103,75.16256499999872,90.09947000000102
77,87.20597199999975,77.29636700000265,89.7106849999982,92.99392799999987
78,94.46040699999867,73.56104699999923,93.69771000000037,79.46625100000165
79,90.94666599999982,75.93780299999707,96.26229700000113,91.69423900000038
80,84.22189000000071,76.89070600000196,91.42449300000226,89.86176600000181
81,62.17771400000129,74.46403400000054,88.38916200000313,100.12032399999953
82,94.01803799999834,60.624360999998316,76.1530500000008,94.41544900000008
83,86.2910269999993,74.38736800000333,91.61290600000211,91.16812099999879
84,85.18000100000063,60.79906699999992,95.21785400000226,91.73657099999764
85,98.94963300000018,70.81708699999945,89.7340170000025,93.39346400000068
86,89.04861099999835,75.87338699999964,92.07256699999925,98.2164350000021
87,75.40289399999892,74.39524299999903,89.29564899999968,92.97671999999875
88,86.93026699999973,72.16310899999735,90.80908600000112,90.1592610000007
89,85.22870799999873,73.47121399999742,91.35420199999862,101.17176699999982
90,87.61100699999952,79.37821099999928,94.56744700000127,93.36346400000184
91,84.14984899999763,69.55856299999868,86.0272810000024,90.48009000000093
92,87.19830500000171,80.5136530000018,90.53300600000148,114.31736599999931
93,92.34877099999721,75.09919100000116,92.43597800000134,90.19163599999592
94,95.141813000002,76.4995029999991,93.59941999999864,90.47717299999931
95,109.27718900000036,92.87663799999427,91.84386200000154,99.5631229999999
96,88.24366500000178,76.56866900000023,89.75093399999605,96.91507900000579
97,67.80217200000334,94.02991299999849,78.69522099999449,94.52515599999606
98,73.62317100000655,74.61365599999408,91.6881560000038,92.88517900000443
99,100.12644800000271,73.24684300000081,89.01361100000213,89.55818700000236
100,111.43719899999996,72.99026400000002,91.14070499999798,92.00140100000135
101,87.97091899999941,76.08105100000103,90.62592099999893,92.49635200000193
102,90.24888500000088,72.0589439999967,88.07095899999695,89.61214400000608
103,97.6183600000004,72.73743300000206,93.31979899999715,90.62533799999801
104,86.60127199999988,74.30566099999851,95.37080999999307,91.58840700000292
105,88.04441700000461,70.67475600000034,91.49390899999707,100.22690600000351
106,84.72384099999908,71.21228899999551,91.99527600000147,89.33035699999891
107,85.37083100000018,72.15114999999787,93.47021300000051,100.89139599999908
108,116.0035910000006,75.11148200000025,91.51870000000054,93.02430299999833
109,91.74061300000176,70.14717999999993,91.1392479999995,90.8270429999975
110,109.52593599999818,68.58820299999934,94.12616200000048,90.26113499999337
111,90.47367300000042,71.27295500000037,91.61115699999937,89.80955800000083
112,96.29467100000329,74.8737770000007,93.41800499999954,91.87423599999602
113,82.5529979999992,74.70232099999703,87.43630100000155,90.8764599999995
114,112.01789899999858,104.01264199999423,84.24726499999815,94.43424099999538
115,100.13448999999673,75.30956300000253,101.74438299999747,99.39954299999954
116,109.34189699999843,71.61215800000355,86.65989600000466,109.76801500000147
117,95.35310200000094,70.04330699999991,91.86636200000066,89.06056900000112
118,100.60456700000213,72.51747800000157,91.33728599999449,95.53985000000102
119,83.58960800000204,75.07098300000507,98.30830900000001,98.7058859999961
120,90.06505399999878,78.14664600000106,105.48182900000393,96.86899599999742
121,85.06771099999605,85.06246100000135,88.4174539999949,91.61994799999957
122,90.70412899999792,80.1695749999999,92.51676900000166,99.55808199999592
123,83.66627399999561,78.22122800000216,85.86394999999902,100.28777899999841
124,85.05312799999956,73.50417200000084,89.69230999999854,100.691482000002
125,98.33768299999792,70.58317299999908,87.4258020000052,89.10894299999927
126,84.06439200000023,76.24233999999706,91.1243719999984,90.51596399999835
127,67.84833799999615,94.2321179999999,90.62504600000102,87.99887699999817
128,87.0816399999967,69.36081600000034,89.24519099999452,95.69717999999557
129,86.37252499999886,91.51065799999924,91.88123600000108,109.34893900000316
130,88.0747510000001,80.35357199999999,87.85221200000524,92.96767900000123
131,94.72848599999998,76.01042799999414,85.94094799999584,97.50165399999969
132,85.07150299999921,82.0400060000029,91.57324099999823,95.4759750000012
133,82.18637799999851,76.67241699999431,92.7722649999996,90.40134199999738
134,87.73554700000386,74.85631899999862,90.22430199999508,92.77755600000091
135,86.38902500000404,72.69422599999962,92.21023100000457,108.44161800000438
136,87.83796199999779,72.13365100000374,90.8298350000041,93.92758100000356
137,83.86022899999807,70.85217000000557,92.02181800000108,93.47087900000042
138,97.08561800000462,80.33519700000033,95.49643300000025,93.17330100000254
139,91.6858229999998,49.647063999997044,91.8581950000007,91.42274300000281
140,89.09915199999523,72.90043100000184,95.09731399999873,91.73482199999853
141,98.51393100000132,72.12840100000176,78.24835300000268,111.94556700000248
142,113.4435450000019,75.34685300000274,87.44855100000132,93.75000100000034
143,81.5234300000011,72.88643099999899,90.85487600000488,91.41632599999866
144,84.96971299999859,79.12971500000276,91.92761099999916,93.39533900000242
145,84.49138600000151,80.46919500000513,93.40638000000035,95.77201200000127
146,97.353406000002,74.2767859999949,89.70343500000308,91.25941199999943
147,87.97587699999713,71.95165299999644,103.53185700000176,90.6781289999999
148,93.5013789999939,79.24996300000203,93.36025599999994,90.29055099999823
149,119.47366499999771,76.0472179999997,87.25751200000377,90.93595800000185
150,84.91487999999663,72.5845610000033,89.50593799999479,97.95098100000178
151,86.00919700000668,74.1300790000023,90.65129600000364,89.57097899999644
152,88.26349699999992,76.94574699999794,93.39296399999876,91.63740699999471
153,106.34123299999919,82.43254200000229,96.37404600000445,87.61450699999841
154,99.91341000000102,75.69343200000003,88.14737400000013,95.87080299999798
155,88.91007199999876,72.03331900000194,93.65429399999994,119.083421000003
156,90.46554900000046,73.35104999999749,92.68943299999955,88.49974400000065
157,102.09266900000512,73.34871700000076,88.77794800000265,98.29868400000123
158,85.49407999999676,85.72478499999852,88.1505829999951,91.1856209999969
159,86.58814800000255,76.4838779999991,90.98145800000202,91.00749900000665
160,90.28213499999401,74.23457800000324,94.34757499999978,97.45873800000118
161,89.87322400000266,74.66790499999479,95.85371999999916,112.83338699999877
162,101.52076099999977,74.030915000003,89.3875229999976,92.49897699999565
163,84.30818100000033,81.66017799999827,90.62417100000312,95.41181000000506
164,90.21671899999637,71.72353200000362,86.12527899999986,92.75209800000448
165,81.0847700000013,73.19659400000091,91.6391569999978,87.74575599999662
166,101.05310199999803,76.65595999999641,92.8157229999997,94.60702999999921
167,84.92333900000085,82.30508499999996,92.04106699999829,90.03501400000096
168,110.16963399999804,72.06390200000169,93.28346499999316,98.07156200000463
169,90.63175400000182,78.0269810000027,85.79599299999973,110.1591350000017
170,103.8433939999959,72.88326499999675,89.09731800000009,95.0309400000042
171,90.39379999999801,73.07192899999791,87.3009699999966,93.25813200000266
172,83.31802799999423,73.21251000000484,90.96337500000664,93.73883399999613
173,85.4663720000026,75.18181400000321,91.371994000001,93.534169999999
174,84.12739100000181,73.34550799999852,91.31803600000421,87.66758899999695
175,85.86869899999874,72.01227800000197,89.66226900000038,93.04734499999904
176,98.82659299999796,74.27649400000519,97.4487799999988,88.18762299999798
177,83.05932400000165,77.36986600000091,89.54618699999992,90.47054800000478
178,89.12744399999792,76.26450700000714,94.8654419999948,91.32795199999964
179,99.29725300000428,74.3962840000022,105.04766799999925,93.72650099999737
180,86.8010609999983,74.69352999999683,90.59225600000354,91.19524600000295
181,88.47286999999778,73.78708500000357,92.7848060000033,87.96741800000018
182,88.97394600000553,74.08224699999846,90.62592099999893,89.78768399999535
183,87.76271299999644,74.79211100000248,89.1314429999984,88.61778399999457
184,81.45430599999963,75.47580999999627,92.75122399999964,90.29371800000081
185,86.2676100000026,73.10380299999815,91.97219300000143,86.98830800000724
186,91.8666949999897,80.31852999998955,87.03089100000216,93.64308600001095
187,71.92127900000196,83.56748300000618,91.45978400000604,92.80609700000787
188,84.91313000000082,76.63583500000823,90.31938499999524,106.57402100000763
189,106.31735800000024,70.42959299999347,94.13141099999484,93.30475700000534
190,86.01728099999309,72.40810499999498,90.81375200000184,91.45578399999067
191,85.09046000000671,74.59819799999241,89.52285400000983,100.91401999999653
192,88.43903700000374,74.70173800000339,92.8238890000066,90.34300899998925
193,87.11838900001021,78.30989300001238,97.25248999999894,93.64112699999532
194,88.26308099999733,66.27156999999715,87.55821699999797,87.76529699999082
195,89.69376899999043,75.68155700000352,87.44155199998931,93.32071499999438
196,95.25493700000516,75.01581700000679,91.55311600001005,92.92363699999987
197,84.05097599999863,75.11823199999344,103.82631099999708,86.83172699999704
198,92.60314200000721,76.23417399999744,97.21836600000097,87.8291700000118
199,84.36013900001126,69.53873000000021,84.76467400000547,93.57083700000658
200,84.42913699999917,74.20978699999978,91.68669800000498,86.41344100001152
201,83.07536600000458,84.90879699999641,90.23130200000014,62.50437599999714
202,90.28321799999685,70.58988200000022,93.48217099999601,89.20814999999129
203,83.4711510000052,74.60353100000066,93.25671699999657,85.7878250000067
204,109.84097299999848,74.64048899999761,86.01677999999083,90.56438099998923
205,88.81303099999786,76.84170600000652,84.51763600000413,92.54635200000484
206,93.97303900000406,72.97384700000111,94.1471620000084,92.22335600000224
207,102.48928900000465,73.72729399999662,86.49014799999713,91.8001959999965
208,86.20023600000422,74.47336699999869,93.23167500000272,92.93092899999465
209,90.66800400000648,78.11418800000683,96.60220900000422,120.49652500000957
210,87.97325200001069,75.96288600000844,89.30789899999218,66.43110899999738
211,83.40552699999535,72.87593200000993,89.58235299999069,93.1082599999936
212,86.62110499999835,72.12252599999192,88.86719699999958,90.99345799999719
213,83.18007200000284,77.35582399999839,94.41548999999941,93.54604500001005
214,84.17414099999587,72.58047799998894,87.95720999999321,92.93617899999663
215,87.1977210000041,77.1419520000054,90.08138800000597,91.46795099999872
216,81.81050900000264,69.77964300000167,86.99297500000102,87.16651399999682
217,86.78064500000619,70.54146599999513,87.6769229999918,93.6864179999975
218,64.41680500000075,69.24706799999694,89.36739800000214,101.62363500001084
219,89.99655599999824,79.55724999999802,107.9996669999964,86.3705670000054
220,85.78257599999779,75.31989600000088,93.60000199999195,114.06449400000565
221,120.2143209999922,73.1291360000032,99.01471499999752,98.8820080000005
222,98.54788900000858,70.99354199999652,84.5955099999992,89.47643800001242
223,83.30315399999381,72.46968699998979,92.37968700000783,94.02295500000764
224,87.36071900000388,71.29541299999983,88.43087000001105,90.7787110000063
225,88.72361499999533,86.15382000000682,111.82015200000023,86.29240099999879
226,87.78629600000568,72.27889800000412,92.41406199999619,96.63154200000281
227,85.39904000000388,73.04538700000558,88.9159049999871,93.45408799999859
228,85.64632699999493,74.30770199999097,91.61728200000653,97.77748399999109
229,88.0499589999963,70.42950899999414,88.90919599999324,89.7267259999935
230,91.04529000000912,73.45192300000053,89.4365220000036,91.96173599999747
231,82.16683699999703,70.5544649999938,89.47502199999872,92.51385199998913
232,84.32892999998876,73.22800899999856,90.456548999995,77.92010800000571
233,102.31429199999548,74.27853599999798,90.13184499999625,99.94978499998979
234,89.14660999999614,74.1168719999987,88.63882599999488,91.67036499999813
235,69.71431099998881,74.54744900000514,95.74051299999701,91.34928500000387
236,112.09110699998564,74.17645400000038,92.82972300000256,98.45976500000688
237,92.01040100000682,82.05717200000072,88.3559130000067,125.48678500000096
238,84.08772499999031,73.91233300000022,87.07609899999807,87.64250600000378
239,81.50972100000945,71.57753400001093,84.81950699999288,101.22014099999797
240,85.80395099999441,71.51445099999546,87.57017399999313,88.81969800000661
241,97.8191489999881,75.99438599999121,88.71903300000122,93.77249999999185
242,85.37833199999295,77.68486100000155,87.8157540000102,91.59040699999605
243,83.89989499999501,75.56235000000743,89.02382000000216,109.00065100000938
244,99.45162500000151,72.5096029999986,92.37002000000211,88.72228200000245
245,84.27584800000477,69.69681200000923,93.03038599999854,90.30159200000344
246,85.0484609999985,74.1854949999979,91.2667039999942,101.43955500000448
247,90.41909100000339,75.87022099999012,94.8346509999974,97.02578600001289
248,82.55562199999986,71.64374099999259,95.68538899999112,94.02320500000496
249,91.07770600001095,83.36361100000795,90.1569279999967,89.78680800000438
250,84.68175899999915,68.31287300000258,90.21788599999854,90.15459499999997
251,87.43092600000091,73.45546399999876,93.90012300001399,96.97495299999719
252,105.94228000000294,74.42536700000346,88.0992499999993,91.74802900000941
253,83.0366159999976,74.65798900001391,91.38086799999292,94.99414900000556
254,86.34048400000029,71.16004000000248,93.92641499999445,96.35042099999555
255,89.59489399999438,69.40660699999717,88.92319600000337,94.12616200000048
256,96.87770500000624,78.76021999999648,86.63218800000323,90.67254500000854
257,83.77710500000103,76.03551000000152,94.94090000000142,93.82633300000452
258,89.14865099999588,95.84142799999972,88.81503100000555,91.91156900000351
259,81.90025799999421,71.70169899999746,86.42364900000393,90.12105400000291
260,101.0417679999955,79.29833700000017,90.21584299999813,88.15758199999982
261,83.91768600000069,71.81894700000703,87.06705699999293,96.11521599999105
262,86.88564300000144,78.71097000000009,91.42507599999954,91.96756900000037
263,84.9175050000049,76.29958999999508,90.07242899999255,103.72314600000391
264,103.4657739999966,74.6880300000048,91.57557400000223,90.25551000000269
265,94.73865299999306,73.08621999999741,94.11391200000071,98.41005700000096
266,84.24726399999054,74.6331979999959,88.43028699999559,88.79807299999811
267,85.34458200000518,75.39997800000128,84.36976299999515,95.30585199999041
268,86.98334999999497,76.48025400000915,79.23883800000476,91.85702800001309
269,86.25419399999373,75.83197099999234,89.45372999999381,87.20647199999075
270,88.2576229999977,80.30194800000754,95.21127099999285,88.04821000000811
271,93.84645700000692,83.26886300000479,74.91115099999297,90.55708899999445
272,84.59609300000011,71.67399099998875,89.82239099999424,90.20680299999367
273,88.0193350000045,72.4968130000052,90.2024279999896,93.83216599999287
274,88.90490500000305,77.79635899999994,87.80000499999733,92.64980800000194
275,86.41202400000475,78.72492900000361,88.1581659999938,115.3440169999958
276,86.3501499999984,70.98829199999454,89.9416809999966,94.27374299999792
277,86.47760699999344,76.74258299999929,93.60200199999963,92.87488800000574
278,89.81393299999763,88.62919999999576,88.8695299999963,94.90514999999141
279,86.72093599999789,74.7548620000016,88.61628399998881,91.3708270000061
280,71.06762499999604,75.94863600000099,94.75173600000562,87.4958009999973
281,89.07865199999651,73.87804199999664,91.80161199999566,87.08659799999441
282,88.92611300000863,76.16354999999749,92.8427640000009,105.91407199999958
283,82.45908200000122,72.64630999999645,88.29378900000302,90.62450499999977
284,85.13566800000262,78.40060100000119,89.84593300000415,90.24909300000581
285,92.10285799999838,68.07516799999576,89.0057369999995,88.53907700000855
286,84.57688499998767,72.49831199999608,93.61516899999697,82.74507900000026
287,86.55260599999747,69.11144500000228,88.22758099999919,94.34082500000659
288,84.56496800000605,76.7664999999979,86.8443100000004,89.22389999999723
289,84.45534499999485,73.20405200000096,87.90908599999966,90.65500400000019
290,85.76070100000652,79.30708800000139,89.18015000000014,90.11413699999684
291,93.63704400000279,71.93694499999401,90.27884300000733,90.07613699999638
292,87.36721899999247,87.10034799999266,84.719757999992,107.18509499999345
293,89.28635699998995,74.77244600000267,87.0828060000058,94.6085710000043
294,88.38682899999549,75.77738899999531,99.84078600000066,87.09038999999757
295,82.70786999999837,77.68661099999736,86.80689400000847,91.02437400000053
296,86.23181900000782,75.40581100000418,89.44556400000874,90.8405849999981
297,84.52871899999445,73.29213400000299,90.96945800000685,89.31810699999915
298,85.63478599999507,79.97245299999486,85.81261700000323,87.91212800001085
299,96.10796599999594,72.16602499999863,88.18820699999924,89.50360500000534
300,82.42087499999616,73.68275300000096,90.1971770000091,90.76912799999991
301,99.5998729999992,77.10941099999764,85.96836499999336,92.63255900000513
302,93.86170799999672,71.36166300000332,92.99917799999821,93.60116900000139
303,89.0007370000094,69.31044200000179,93.8350819999905,91.8759859999991
304,85.23424999999406,71.38378699999885,92.54651800000283,91.82261200000357
305,88.08554200000071,76.35113100000308,92.42318599999999,87.61538200000359
306,105.00662800000282,70.5647159999935,86.24135999999999,89.62347699998645
307,84.83204799999658,80.8322319999861,91.00566599999729,92.6812659999996
308,85.68282700001146,79.4905010000075,89.32919099999708,89.56952000000456
309,85.29899899999145,75.50118500000099,87.97937700001057,93.74991800000134
310,82.38675000000512,69.03940499998862,91.78323800000362,94.86231699999189
311,88.57986799998616,77.44869799999287,91.63040599999658,93.21554999999353
312,94.01037200000428,73.6859620000032,93.26400700000522,102.87278299999889
313,97.74210899999889,75.9876770000119,87.19072199999937,93.52417100001185
314,104.75225600000704,90.75691900000675,95.50393299999996,87.92279399999825
315,87.39430199998606,72.59943600000406,91.09083099999407,86.62402199998905
316,84.96875400000135,66.52031599999464,94.15824499999871,90.63300400000298
317,86.11123799999768,73.71504399999685,91.07266499999969,89.70226900000125
318,84.1343909999996,76.82883199999924,86.84247599999071,91.72432199999457
319,88.12591600000451,73.6607529999892,90.41329899999255,95.9557599999971
320,86.22823599999538,75.03777499998978,88.40841300001193,94.0219550000038
321,96.78749800000514,69.88755799998762,87.32634499999403,92.79247299999406
322,88.40870400000131,74.64828100000159,91.46620100000291,95.77676300000167
323,90.01397200000065,71.64319899999828,90.78808499999286,113.6861659999995
324,85.59245300000475,77.62894500000402,90.4806729999982,105.74828300000809
325,99.91070200000831,69.62272900000971,91.95969400000467,91.71140600000217
326,91.57615799999621,72.1059430000023,87.39721900000586,92.07723399999668
327,81.46626399998786,72.5597689999995,90.78546100000676,91.5065340000001
328,106.76506000000518,71.47945199999958,92.38756299999659,96.21767300000647
329,100.00840800000879,71.16095599999244,89.54793699999573,91.51724200000172
330,87.71308900001168,71.15949800000817,87.94933600000513,87.32634500000859
331,82.05775500000163,74.7938620000059,86.76139400000102,92.90759600000456
332,83.41719400000875,71.2512049999932,89.89676500001224,96.63295900000958
333,86.48869100000593,77.15641100000357,87.40042700000049,87.66000599999097
334,81.08739400000195,71.12858199999027,89.52318799999193,95.06460599999991
335,97.00195299999905,78.94871700000658,87.89129499999399,91.69107200000144
336,83.92876900000556,71.62236700000358,92.49255999999878,91.66132299999299
337,83.3092789999937,75.53589299999294,84.95167100000253,90.03034699999262
338,87.93475200000103,71.53953500000353,95.91755199999898,92.34614599999622
339,104.86867099998926,75.80597199998738,86.98501699999906,89.51352100000076
340,110.14426000000094,55.04360999999335,90.48884000000544,90.15905299999577
341,96.92474499999662,72.68426700000418,90.39546699999482,96.93957899999805
342,95.26085299999977,75.74338900001021,93.84849899999972,89.42002199999115
343,84.3158059999987,68.53649499999301,93.92053899999883,91.2597029999888
344,112.68988900000113,78.4336420000036,89.76468300000124,90.08926300000167
345,109.0776509999996,69.7295610000001,85.03996100000222,98.13739400000486
346,81.22893500000646,72.41768800000136,89.47414700000081,88.73682399999234
347,91.37136900000041,71.32032899999467,91.63394800000242,87.77171300000919
348,87.9487519999966,76.69616700000188,94.4396570000099,89.7658919999958
349,88.02050099999178,79.76203899999382,92.35372900000948,94.08503700001165
350,87.47771799999464,59.205965000001015,93.80712499999208,94.86165099999926
351,86.724687000009,75.53005899999698,87.916086000012,104.85342099999252
352,91.2932870000077,76.84983099999954,92.70080799999414,90.68454600000405
353,88.80361499999708,77.38236600000528,89.06231900000421,92.29977199999848
354,101.69513399999414,72.49435299998731,86.02144700000645,89.59281100000953
355,87.24355400000059,74.71748800000933,91.07337300000654,88.90161300000909
356,88.23049800000445,71.98519499998656,90.52733899999293,93.04642699999386
357,87.67171499998949,70.08792999999423,89.03898599999957,118.07543499999156
358,104.28067999999621,72.0432359999977,89.9303060000093,100.88460499999928
359,88.05754199999501,80.71902499999851,91.68790600000648,111.13941199998953
360,90.59821399999782,54.425201999998535,92.59705899999244,89.78509999999369
361,83.80660500000522,76.85945699999866,92.24523100000806,97.38657200000307
362,91.71382199999061,72.64114300000074,91.73540499999945,111.12832899999921
363,94.68823699999484,72.50764499999059,91.08616500000062,86.82497699999658
364,81.64213599999493,73.667586999989,90.9610410000023,90.03968000000168
365,82.64749699999811,79.94528600000194,88.51549399999203,96.81528899999103
366,92.91109599999618,77.86490000000049,89.26940000000468,90.91058399999747
367,103.96889199998986,85.68699399998877,93.8837910000002,94.07162000000244
368,82.98240799999621,75.85292999999365,86.6747699999978,92.0591499999864
369,83.8231880000094,75.41335200000321,87.61013300000923,89.9303060000093
370,89.14048499999626,75.0727329999936,91.08578999999736,102.73545199999353
371,86.27081899999757,78.0178969999979,86.81156100000953,92.67380799999228
372,86.23669399999199,75.78847200000018,87.10205600000336,91.83802800001286
373,85.06362799998897,72.40022999999928,94.49744799999462,87.81808699999237
374,84.4266370000114,87.16926300000341,91.74998799998139,91.18507899998804
375,83.67852300000959,69.12661100001424,87.60633999999845,91.18916300000274
376,86.31981799998903,70.1089299999876,95.69122200002312,118.21543400001246
377,88.33174700001837,71.13120699999854,89.60889400000451,99.34762600000249
378,87.42696900002193,72.97480500000529,94.05057900000247,91.29387000002316
379,90.1271790000028,74.76648799999384,93.04267699999036,91.69778000001679
380,100.70285699999658,71.25778799998807,91.66307199999574,93.00596999999834
381,107.28655200000503,75.74468100001104,90.42379900001106,93.05938500000047
382,87.11197199998423,74.50099100000807,88.79311500000767,81.289225000015
383,86.2259030000132,71.04516700000386,90.41388300000108,92.32456300000194
384,89.21960899999249,73.29450899999938,97.08828500000527,93.22813300002599
385,89.96355600000243,74.6976549999963,99.35504300001776,89.23119200000656
386,89.50768800001242,77.61348699999508,90.61137900000904,91.78498700002092
387,88.38316299999133,78.2862680000253,103.37335999999777,94.9619829999865
388,87.42855199999758,75.90342899999814,90.45529899999383,101.36180499999318
389,86.27865200000815,75.11823199997889,92.41760299997986,92.7874320000119
390,88.65028400000301,76.27146499999799,92.70430699997814,94.60915400000522
391,89.24277399998391,73.64067000002251,93.18234199998551,102.64270300001954
392,87.45417599999928,81.20243500001379,88.27833100000862,88.59128500000224
393,85.84161599999061,71.01074999998673,92.08977500000037,96.73224900002242
394,100.05832399998326,76.58208500000183,90.20992699998897,92.04573400001391
395,83.03511600001366,76.85483200001181,88.07737499999348,108.74340599999414
396,81.9927139999927,72.82809900000575,90.08809599999222,92.60435099998722
397,109.6102270000265,76.50800299999537,93.38762999998289,89.15010900000925
398,88.93636299998616,78.16664599999785,92.19223100002273,88.15145800000755
399,80.6612759999989,74.50082399998792,90.24413599999389,92.05306700000074
400,95.0210650000081,73.13942799999495,98.31997499999125,90.57783900000504
401,85.59711999999126,71.32195399998454,91.51432499999646,92.44239399998332
402,87.45355100001325,77.20361900000717,88.86982299998635,94.94631699999445
403,86.21598599999561,77.06249499999103,92.41093700000783,98.57897100000991
404,86.09057100000791,72.69247599999653,89.85155700001633,87.88750299997628
405,85.34187299999758,74.53903200000059,93.9735380000202,88.9089040000108
406,84.62863399999333,69.63639599998714,88.2891220000165,88.63390899999649
407,85.00617000000784,72.64114300001529,89.09756900000502,89.67247699998552
408,85.4497890000057,72.76947500000824,92.43976899998961,88.83453100000042
409,98.2978090000106,75.29298000002746,90.44567399998778,92.61864200001583
410,85.55566199999885,73.83433399998466,89.61589500002447,92.982262000005
411,86.25781899999129,69.65802000000258,89.36331399998744,93.94999799999641
412,86.27048500001547,71.67982399999164,87.1937630000175,96.32067099999404
413,85.608745000005,79.25375499998336,88.78698999999324,89.03723700001137
414,101.40692999999737,71.86327999999048,83.69223099999363,104.57642500000657
415,84.96883800000069,70.0354309999966,90.4115499999898,92.86092999999528
416,90.75921099999687,78.84501099999761,88.9981540000008,88.9882370000123
417,85.319416000013,72.39027199998964,90.59529699999257,90.01838799999678
418,83.54290000000037,74.94760899999528,92.23998100002063,91.15787100000307
419,87.22397099999944,71.59699200000614,89.5534789999947,89.64039399998728
420,84.61659200000577,83.36402699997416,87.61800699998275,93.54487899999367
421,84.63488399999915,74.20124500000384,91.56886500000837,89.80726600001799
422,94.91365000000224,73.67454500001622,89.47793799999636,100.58181699999841
423,85.47399699999369,73.10430300000007,87.47746799999732,89.50864600000205
424,94.03782900000806,72.471188000025,86.88914199999999,87.97558499997831
425,85.37366499999189,73.19588499999372,86.13490399997681,92.78101499998593
426,85.36383200000273,74.38420100000803,88.30166399999871,100.49752699999954
427,87.02359900000738,78.20397900001262,89.75414199999068,97.75760800001444
428,89.31231599999592,74.75832100000116,88.52778499998385,97.35890600000857
429,91.1301220000023,78.4753910000145,105.99477900000056,97.14224300000933
430,92.32789700001013,99.59453999999096,86.836352000013,92.18631499999901
431,86.67681299999822,74.30916000000434,88.98648699998739,90.60083799998392
432,84.1151420000242,69.56060500000603,95.90588599999319,93.08755200001178
433,112.19727100001182,73.13259500000277,86.92910000000848,90.79771000001347
434,89.04452799999854,79.19075599999633,88.24537300001248,89.96218100000988
435,67.6201749999891,70.96325099997921,86.53739799998584,91.61328200000571
436,100.13544899999397,75.02827499998966,91.15207999999984,94.13991100000567
437,86.79447699998855,70.71325499998056,89.79789200000232,87.21142999999574
438,90.8574179999996,74.59828099998413,91.8684030000004,113.363629999978
439,93.16250899998704,76.56225200000335,88.91932200000156,90.86829300000682
440,83.06319799998892,71.75828200002434,91.31074399998761,93.24104899997474
441,87.48117600000114,77.36119900000631,89.4222310000041,94.56828000000678
442,101.51788699999452,69.61543700000038,93.26984100000118,91.49157500002184
443,117.45536100000027,69.44831500001601,87.78746300001512,94.07620400001178
444,88.59778400001233,87.89746200002264,85.01637800000026,109.65747600002214
445,91.87090300000273,78.70480400000815,88.94157100000302,86.33119299999089
446,84.48992800002452,74.1794130000053,87.47305100000813,88.41920399997616
447,83.85322900000028,72.60847700000159,90.33571700000903,93.29638200000045
448,82.57253999999375,69.060112999985,91.59053200000199,102.22508500001277
449,89.3498570000229,71.0705420000013,89.0151950000145,95.1207310000027
450,87.96887699997751,71.92190399998799,92.1536480000068,93.81904100000975
451,87.13013900001533,77.01936999999452,91.7940289999824,94.6150300000154
452,80.6814000000013,73.57271300000139,87.80846299999394,94.97602499998175
453,86.13698699997622,73.34638299999642,86.82322700001532,94.9576909999887
454,96.31275399998412,70.55108999999356,95.09535600000527,92.6457249999803
455,98.26572599998326,72.94826400000602,90.5002150000073,89.48231300001498
456,85.52212099998724,74.96040100001846,88.367579999991,104.50467600001139
457,84.49809400000959,82.2038369999791,89.16090100002475,87.67750600000727
458,93.29258999999729,71.79182199999923,89.9273899999971,92.08102499999222
459,84.91983900000923,72.51310300000478,99.55020700002206,94.5391140000138
460,86.92064300001948,70.83342000000994,86.80426900001476,93.58250299998326
461,86.50239799998235,70.18009599999641,88.1418330000015,91.93665200000396
462,92.22810599999502,76.4805869999982,96.6024590000161,90.85954299999867
463,84.78946500000893,76.80958299999475,90.32813399998122,88.11149999999907
464,87.0283070000005,71.30445500000496,91.61144900001818,98.19514399999753
465,85.93132400000468,69.12194499999168,92.08260800002608,92.85947200001101
466,105.47095399998943,78.36443399998825,100.96160300000338,99.5689560000028
467,84.80142299999716,78.13902099998086,91.96523500001058,91.14858000000822
468,85.42558000001009,74.61865600000601,89.03577799999039,93.95841399999335
469,88.46586900000693,73.75337700001546,86.064612999995,88.4839529999881
470,98.26601699998719,71.11983199999668,87.29017800002475,91.51786699998775
471,85.18820899998536,71.60020100002293,89.34435699999449,89.62447799998336
472,117.9164790000068,71.43832799998927,91.52115800001775,95.00902399999904
473,79.50920900001074,89.64193599999999,89.70214300000225,88.78611499999533
474,82.231002000015,72.08877699999721,85.4573720000044,91.75873799997498
475,86.00573899998562,72.37193799999659,89.68181099998765,99.70620499999495
476,85.99111399997491,74.62965600000462,91.21770400000969,97.5485280000139
477,88.46670300001279,72.59476899998845,87.6226730000053,97.87931499999831
478,86.0796960000007,70.68896299999324,90.29159300000174,108.99336100000073
479,87.82625400001416,71.51911799999652,90.84379300000728,89.67064399999799
480,103.50752400001511,72.28035699998145,86.52427300001727,90.02567999999155
481,85.20654300000751,69.77876899999683,88.0240009999834,89.89997299999231
482,90.24067699999432,81.0937280000071,88.47695199999725,73.84658399998443
483,89.50822899999912,71.23416399999405,85.30045800001244,97.97985599999083
484,86.80714399999124,76.41971300001023,90.47396600001957,93.69070899998769
485,85.00475399999414,71.18833099998301,91.29791200000909,92.89763799999491
486,88.66357499998412,74.36299299998791,87.37359400000423,93.98299700001371
487,87.79854600000544,73.89466699998593,95.3301859999774,93.09538499999326
488,84.24493200000143,71.13766500001657,90.39492500000051,90.89570900000399
489,88.98357000001124,75.61260000002221,87.51738299999852,84.07460100000026
490,86.65318799999659,76.56108499999391,94.13349500001641,89.36739800000214
491,89.43548100002226,76.2982980000088,97.38086400000611,91.50090899999486
492,84.25630700000329,75.41660300001968,87.71596400000271,89.96047299998463
493,85.18583400000352,69.32756700000027,90.47079900000244,87.69617300000391
494,95.60751500001061,74.8749850000022,87.63021500001196,89.75189300000784
495,113.61825100000715,75.9486780000152,87.39284300000872,90.37317499998608
496,84.12068399999407,74.36991000000853,95.33489399999962,97.22274100000504
497,88.8045320000092,76.36075500000152,91.52582500001881,92.92334599999595
498,86.19006999998237,74.66673900000751,93.11780100001488,92.01931799997692
499,84.14734999998473,73.16176099999575,90.30421800000477,92.02910899999551
500,84.52842799999053,73.14680200000294,86.02494699999806,96.08292499999516
501,87.39663500001188,78.13581300000078,96.96387000000686,92.99976199999219
502,85.15171000000555,76.65587599997525,92.06673399999272,112.15731400001096
503,103.29594400001224,72.37418899999466,85.64345199998934,88.37924599999678
504,89.39868899999419,77.06191200000467,90.0411380000005,108.90873699999065
505,84.59184399998048,78.04335500000161,102.24350100001902,90.40600700001232
506,107.96816699998453,75.07273200000054,94.47690700000385,92.11577499998384
507,87.6384240000043,76.52279400001862,93.21967500000028,94.03312100001494
508,84.80725700000767,80.66827500000363,86.40965000001597,92.35572900000261
509,85.30774999997811,90.01113900000928,93.58429500000784,91.32766100001754
510,90.45388200000161,74.17237099999329,88.72661599999992,103.837560999993
511,93.07430199999362,71.9379449999833,91.46765900001628,93.93103899998823
512,87.5112590000208,70.73483800000395,89.06494400001247,92.30414700001711
513,83.08119799999986,71.9219040000171,90.25113499999861,88.22874799999408
514,86.01532199999201,69.36490000001504,90.43371599999955,110.772793000011
515,97.79210799999419,72.24069100001361,91.05787300001248,111.31740900001023
516,85.61224499999662,71.26070499999332,89.20377600000938,93.46237999998266
517,86.23523600000772,77.58657100002165,90.99633200000972,89.68735100000049
518,86.72843700001249,70.64850599999772,87.67867300001672,89.36069000000134
519,90.60283899999922,84.7007160000212,89.54618699999992,96.93395399997826
520,86.88185099998373,73.73925300000701,86.86289300001226,89.14748499999405
521,108.61069900001166,78.0154400000174,97.72239999999874,90.06388800000423
522,100.41077799999039,79.93328699999256,94.4661559999804,109.4046040000103
523,86.04069700001855,72.7980160000152,93.13392699998803,90.83416800000123
524,95.72080499998992,73.87924999999814,94.58119699999224,91.14733000000706
525,109.10885799999232,82.70082899997942,85.76536799999303,95.54947399999946
526,99.4443339999998,72.71809999999823,91.93986099999165,88.25791499999468
527,82.80278600001475,73.82812600000761,88.77649000001838,92.10639999998966
528,88.03429300000425,74.28961900001741,89.58672799999476,87.93912699999055
529,89.86239100000239,70.93491900002118,90.57087999998475,89.4683129999903
530,96.70153999998001,70.47380000000703,91.70857200000319,101.48892899998464
531,87.06330700000399,71.72882399999071,89.41873100001249,100.5608169999905
532,80.52477699998417,70.90779399999883,88.0065009999962,91.8441949999833
533,85.85315800001263,76.43562899998506,87.07318199999281,86.839850999997
534,83.92935300001409,79.23617099999683,88.67761699997936,91.72411400001147
535,84.8335059999954,72.92884700000286,97.78073299999232,89.0334440000006
536,84.56317700000363,69.24298500001896,87.44534299999941,97.3335730000108
537,89.72351799998432,70.89233500001137,83.34252799997921,87.30680300001404
538,82.13767099997494,70.31017800001428,90.21413599999505,87.36047000001417
539,84.49180299998261,87.40417599998182,92.76730699997279,93.92183199999272
540,111.38528299998143,74.87352699998883,92.2520230000082,90.63404699999955
541,83.6852319999889,74.68715500002145,86.92005799998879,88.5907850000076
542,81.83788300000015,75.06019200000446,91.8553200000024,93.89003999999841
543,104.63279999999213,74.55998999997973,86.64835399997537,89.02148600001237
544,85.58424600001308,83.47335899999598,90.74108700000215,92.55418500001542
545,82.74645299999975,68.68874300000607,90.97387499999604,97.82639900001232
546,87.5698829999892,72.977429999999,92.5281440000108,94.38932499999646
547,84.88138100001379,73.92387400000007,90.85750199999893,91.52978300000541
548,110.6630020000157,73.13580200000433,86.69168699998409,95.99609199998667
549,89.92418200001703,77.76952699999674,91.82873700000346,94.36415800001123
550,90.32355100000859,72.65997700000298,91.74269699997967,96.74908199999481
551,85.6396609999938,71.90090399998007,89.62372800000594,87.16359699997702
552,66.9046860000235,75.23093800002243,89.81655800002045,90.74812800000655
553,83.398526999983,74.705237999995,93.73362599997199,87.18722200000775
554,87.14847299997928,72.93980600000941,93.68696000002092,93.37367199998698
555,88.3325800000166,85.03358700001263,85.6221609999775,93.94212299998617
556,102.22729299997445,74.17441300000064,86.73747799999546,105.15012500001467
557,91.84277799999109,75.29293800002779,92.08010799999465,95.60639000000083
558,86.07015499999397,74.46145000000251,88.86457299999893,103.13365500001237
559,87.75363099999959,71.97206999998889,86.01269800000591,93.82637500000419
560,85.39904000001843,79.35196100000758,93.0534270000062,90.17451099999016
561,86.91422499998589,69.68806100002257,92.4111869999906,100.0678659999976
562,100.78364800001145,73.13867700000992,88.23079000000143,119.49087300000247
563,87.03580700000748,74.15278799997759,92.0046100000036,103.15090399998007
564,88.37628699999186,73.15159399999538,88.01583500002744,87.43659300002037
565,88.26487299997825,82.74782899999991,88.15145699999994,90.03588800001307
566,84.37792900000932,70.37434300000314,87.20530500001041,88.85582200001227
567,92.61860100002377,73.70983599999454,90.36780000000726,91.75811300001806
568,87.28055399999721,80.34598799998639,89.0734030000167,91.03929099999368
569,83.90835299997707,71.69965699999011,92.92772100001457,91.25328699999955
570,82.97240899997996,75.35477000000537,96.0176339999889,97.25549000001047
571,90.117803000001,76.38321400000132,88.7001159999927,96.84824699998717
572,103.93268399999943,85.97257299997727,91.24207900001784,89.37210599999526
573,83.06249099998968,76.60929299998679,92.98267899997882,91.92344399998547
574,86.9845159999968,73.78850200001034,89.8689740000118,90.96950000000652
575,103.73643699998502,75.93342799998936,88.2345820000046,91.13778900000034
576,89.08623499999521,72.17156700001215,96.06542500000796,96.29208899999503
577,81.7308020000055,80.87356499998714,86.4417329999851,101.94971400001668
578,85.88699100000667,85.68928599997889,91.45174199997564,89.05544500000542
579,83.98506000000634,74.69240500000888,90.85700099999667,91.38657699999749
580,108.90411199998925,76.53287799999816,93.95808099998976,89.3863560000027
581,94.95302499999525,74.46865799999796,90.53900499999872,92.60114199999953
582,88.07699999999022,77.21482699998887,90.62358800001675,101.53288600000087
583,92.45989500000724,76.76379200001247,92.41672799998196,98.83738400001312
584,89.56393699999899,72.17914999998175,100.8776460000081,93.00184499999159
585,86.46744099998614,77.76360999999451,87.2998030000017,90.40946600001189
586,86.07148799998686,74.16274599998724,95.00385700000334,92.6982250000001
587,84.80346500000451,73.50125599998864,92.83380600000964,117.26198899999144
588,89.51643700001296,69.27310900000157,86.73222800000804,90.43775700000697
589,84.90233800001442,70.75721299997531,86.89293400000315,89.45485499998904
590,84.7532989999745,71.44503599999007,87.37709399999585,87.9044189999986
591,80.43961199998739,86.53981399998884,84.53396899998188,124.06618100000196
592,88.43437000000267,73.98987400002079,85.18925100000342,90.69562800001586
593,84.65063399999053,76.20592400000896,86.70072899997467,96.20688100002008
594,86.47556500000064,78.40555900000618,86.10836199999903,88.20687399999588
595,88.63778399999137,71.10145699998247,89.03519500000402,90.03942999997525
596,83.37677800000529,75.37635399997816,95.04802300001029,97.77044200000819
597,87.84396199998446,86.30669300002046,96.1803400000208,96.35700399999041
598,87.40538600002765,77.64311199999065,88.1418330000015,98.3972659999854
599,110.27725799998734,81.31372499998542,110.39304799999809,91.59628200001316
600,98.56672200001776,80.44227900000988,95.32606099999975,90.77758600001107
601,83.56535799999256,80.26469799998449,90.55271399999037,86.57473100000061
602,95.90526100000716,88.99036200001137,86.88476799998898,94.43090700000175
603,82.75920400000177,74.9694840000011,110.58083699998679,102.97594800000661
604,98.07743699999992,73.58204700000351,90.05455499998061,92.00598399998853
605,97.52790399998776,71.9604040000122,89.23585800000001,94.86706699998467
606,85.86257500000647,69.57985499998904,93.7350420000148,100.90002100000856
607,84.83088100000168,72.24448199998005,87.97879400002421,86.66718700001366
608,90.81866799999261,73.11138700001175,84.0439769999939,90.8760009999969
609,99.73682900000131,84.090933999978,90.78671100002248,93.94358099999954
610,97.93618900000001,74.39232600000105,86.30902699998114,93.60554399999091
611,87.3992600000056,71.66874100000132,98.88425900001312,96.19229799997993
612,87.84142000001157,71.73261499998625,88.17216600000393,86.29648499999894
613,87.83500299998559,69.17998500002432,89.14398500000243,92.50101899998845
614,83.55894099999568,71.87632100001792,84.23209899998619,87.82858699999633
615,87.39225999999326,71.2294980000006,90.29663399999845,89.40735599998152
616,91.20370499999262,74.8790690000169,88.89840499998536,115.67563800001517
617,87.76092100000824,74.44769999998971,96.90862100000959,88.36816199999885
618,101.34897299998556,78.74542799999472,90.00672199999099,100.59660799999256
619,105.44120400000247,72.74310000002151,89.4365220000036,97.55582000000868
620,92.49081000001752,78.1389799999888,89.91897299999255,113.2739639999927
621,88.80711399999564,71.96011200000066,86.03573800000595,92.98726100000204
622,88.25474699999904,73.53917199998978,87.56025799998315,93.51825399999507
623,74.51678299999912,78.5458070000168,90.35088300000643,94.6051129999978
624,102.16175199998543,84.07801699999254,89.21164999998291,110.14105199999176
625,99.79136999999173,78.48139100000844,89.97259799999301,93.5903779999935
626,83.10219800000777,57.087372000009054,98.25055900000734,126.18898400000762
627,104.35413600000902,77.56465399998706,91.3213279999909,96.17975699997623
628,89.61426999999094,76.55237700001453,85.7099520000047,89.12348499998916
629,115.36064199998509,70.14513799999258,99.00500699999975,95.52001600002404
630,98.9041750000033,76.1890489999787,93.49275499998475,92.72909900001832
631,85.23833399999421,93.51687900000252,93.9056639999908,91.06441500000074
632,91.55457400000887,73.25280099999509,86.9008090000134,86.3781500000041
633,83.99351800000295,72.54139500000747,89.31139799999073,93.19350799999665
634,87.27851199998986,77.37686600000598,94.12207799998578,89.11015200000838
635,102.33387499998207,69.4352319999889,85.5518710000033,100.23703099999693
636,87.12338899998576,74.23566199999186,89.38110599998618,101.77384099998744
637,88.24683099999675,76.55904399999417,85.98294799998985,92.80522300000302
638,87.6463400000066,71.90065499997581,89.6672270000272,89.62172700001975
639,96.29379699999117,78.16989499999909,91.72398899999098,93.0654280000017
640,86.9681419999979,76.69237599999178,89.3738139999914,86.84947700001067
641,88.72369899999467,72.74059999999008,89.43302200001199,90.97245800000383
642,87.74167199997464,75.8969700000016,94.27199300000211,97.72239999999874
643,87.96041800000239,72.54547799998545,92.11139999999432,107.51763200000278
644,86.82360200001858,83.25094700002228,91.80131999999867,92.49080999998841
645,83.43177700001979,70.68875499998103,85.16308499997831,94.46303099999204
646,86.78302000000258,83.42323499999475,88.43466200001421,94.00883000000613
647,87.37359399997513,69.27535899999202,92.66843300001347,93.2438409999886
648,108.43103599999449,72.94305599998916,91.80890400000499,115.2853929999983
649,86.43881600000896,74.35495100001572,94.76631899998756,94.14803599999868
650,92.01573400001507,74.371576000005,92.6310999999987,91.15149700001348
651,88.84594699999434,72.06423600000562,92.15073200000916,93.53037799999584
652,85.48799599998165,80.02224299998488,89.39510600001086,93.54050300002564
653,87.5863819999795,68.99478000000818,85.48449599999003,95.7078469999833
654,129.29889599999296,73.69171099999221,93.53508699999657,90.76183599999058
655,83.9010619999899,74.19407900000806,88.84794700000202,103.2185279999976
656,84.11922499997308,88.07745899999281,92.28989700000966,108.30182900000364
657,91.86052800001926,71.2111230000155,90.43692400000873,90.76329400000395
658,89.91251500000362,72.15844200001447,89.96384700000635,92.15781599999173
659,85.94386500000837,72.85234899999341,90.59004700000514,92.62939200000255
660,89.11219300000812,74.03441400002339,92.57793400000082,96.01029999999446
661,86.61772999999812,76.33271400001831,91.8519030000025,100.3400289999845
662,94.34199200000148,76.25513199999114,91.8357369999867,93.32092299999204
663,89.0276109999977,78.05760500000906,91.04649899998913,89.89093199998024
664,90.72767000002204,71.0867080000171,91.64440600000671,95.82301200000802
665,96.08734100000584,74.29549499999848,82.63203900001827,90.62008799999603
666,89.2215670000005,71.74632299999939,93.8922480000183,93.5414199999941
667,82.40687499998603,75.13656500002253,90.02626300000702,90.61746300000232
668,84.98371199998655,73.07805300000473,98.10664500002167,93.73424999997951
669,93.40521399999852,75.8802620000206,90.52763100000448,91.74457199999597
670,85.08229399999254,73.25275899999542,96.46721000000252,94.31757600000128
671,84.7582569999795,70.73950500000501,87.86796100001084,94.20616100000916
672,88.08816600000137,71.96565399999963,91.48165800000424,90.34834199998295
673,95.38235100000747,77.84352600001148,90.17926100001205,111.44344999999157
674,84.80317299999297,79.13967299999786,97.37586400000146,89.81335000001127
675,89.98143099999288,73.56346299999859,89.45314600001439,92.18339900000137
676,84.20584900001995,73.38521600002423,91.65023999998812,89.07048600001144
677,90.06330400001025,79.1114649999945,90.33659199997783,103.64306299999589
678,90.76562800002284,73.34830000001239,88.43261999997776,94.83406799999648
679,81.36243199999444,71.84694700001273,91.74853000001167,87.26626300002681
680,85.18912600001204,73.23788500000956,101.04289399998379,88.81407300001592
681,86.80551899998682,70.32271900001797,92.69409999999334,89.53802000000724
682,92.17639799998142,73.21576000002096,88.68111700000009,90.06505400000606
683,101.45242999997572,74.2450779999781,92.31697999997414,96.31537999998545
684,84.66055000000051,77.89552399999229,92.5316429999948,88.85465499997372
685,97.6229020000028,73.1038450000051,92.79647200001637,88.21270699999877
686,89.4748129999789,75.49243499999284,89.15448399999877,98.6419290000049
687,86.43369100001291,52.63985299997148,90.80216900000232,90.79983600002015
688,86.90110100002494,75.19610600001761,84.68242500000633,94.63044600002468
689,86.82401799998479,76.85016500001075,93.21017500001471,90.60133900001529
690,107.05030500001158,71.95690299998387,86.95505799999228,91.7369469999976
691,89.13698499999009,68.29654000001028,89.44122999999672,89.66664400001173
692,85.83915800001705,76.79320700000972,87.30126199999359,96.4014619999798
693,92.390728999977,76.28075599999283,92.10056599997915,93.19438400000217
694,96.85837200001697,86.52223100000992,94.7888180000009,92.40039500000421
695,107.76454499998363,72.20623299997533,89.17373400001088,94.14261999999871
696,88.89203000001726,75.68614000000525,91.56632400001399,95.61551499998313
697,90.44550699999672,72.54314500000328,88.14329100001487,94.98198199999752
698,90.25226000000839,70.54700699998648,86.59398100001272,105.29766399998334
699,93.09163500001887,107.20992800002568,86.59573100000853,93.35500599999796
700,83.32136199998786,86.08869599999161,93.1219679999922,91.10278900002595
701,94.26461799998651,76.31375699999626,104.4294280000031,91.04853999998886
702,88.87165600000299,76.87141500000143,94.38253299999633,88.32558000000427
703,91.70478100000764,72.10215099999914,88.27716399999917,92.1740240000072
704,85.44020499999169,76.90678900000057,94.8200680000009,90.31213400000706
705,84.83729799999855,65.12033700000029,88.92611299999407,113.04134300001897
706,89.25360799999908,76.66720900000655,87.76592200002051,89.92155699999421
707,109.07940099999541,75.61639099998865,89.8906399999978,92.55760100000771
708,85.61924500000896,71.76936400000704,90.37742500001332,93.70033399999375
709,88.59970099999919,60.97114800001145,89.30877400000463,94.57240500001353
710,88.7750309999974,71.64628299998003,96.13071600001422,97.50536199999624
711,88.12179100001231,76.88745600002585,88.64903400000185,91.53445000000647
712,98.86659200000577,77.40282300001127,92.68805700002122,88.55561800001306
713,87.7765880000079,73.24955099998624,88.45711899999878,91.19783000001917
714,89.99401399999624,71.36662099999376,91.68311500002164,100.02507499998319
715,90.63117199999397,76.67566700000316,91.70973899998353,89.56806200000574
716,87.0906810000015,73.03930400000536,91.17745499999728,109.9444300000032
717,82.80324400000973,73.45767299999716,111.15412000002107,92.4075619999785
718,89.14981800000533,73.73283500000252,88.36787100002402,105.80282399998396
719,92.61655899998732,83.29561299999477,90.81729400000768,100.68102300001192
720,116.78512099999352,71.94348700001137,86.7118119999941,88.97423700001673
721,99.32858599998872,74.04753999999957,92.48139400000218,93.38592299999436
722,87.29317799999262,77.70011100001284,86.84306000001379,107.30696799998987
723,89.37123099999735,84.04151799998363,88.44961999999941,90.89395900000818
724,97.24544899998,74.40607499997714,90.97041699997499,89.4114389999886
725,87.145806000015,73.158511000016,92.67514199999277,94.0319539999764
726,84.83729799999855,70.99062600001344,90.51829800000996,87.47246799999266
727,98.45488999999361,76.128549999994,89.53218700000434,113.01042599999346
728,106.22723399999086,81.01702000002842,92.95201200002339,90.85804200000712
729,84.48117799998727,71.8909879999992,91.17191299999831,93.60562799999025
730,82.47862400001031,71.82944699999643,87.57688300000154,90.13271999999415
731,94.72994499999913,77.90019100002246,85.17012699999032,94.82356799999252
732,102.45399800001178,72.85126500000479,89.57826999999816,86.14773699999205
733,89.24694199999794,70.14576300000772,89.38402299999143,111.45707400000538
734,86.4332749999885,78.1929780000064,86.99822499998845,104.76338099999703
735,108.24203800002579,76.22188199998345,89.9758060000022,89.97872300000745
736,88.08695799999987,72.98580499997479,88.85844699997688,90.23480200002086
737,79.97907699999632,78.4695580000116,92.93530399998417,88.51515999998082
738,82.98849100002553,74.08058100001654,93.51367099999334,92.24989700000151
739,84.47796899999958,72.30631399998674,88.69074099999852,102.98507300001802
740,84.49492800000007,82.02042200000142,93.85229100001743,95.71547100000316
741,93.16980100001092,71.29503800001112,93.12896799997543,92.0708169999998
742,104.22772200001054,76.09034299998893,96.12492400000338,87.09680599998683
743,101.38713900002767,76.1652999999933,88.35212200001115,101.29426500000409
744,86.66456299999845,74.76756999999634,87.68683900000178,89.6246439999959
745,90.83241900001303,70.3965100000205,97.8880230000068,91.33032799998182
746,85.56703700000071,72.15931700001238,90.76300300000003,93.48229600000195
747,89.2858159999887,71.44007700000657,89.41610499998205,87.32430300000124
748,99.58816500002285,73.93437400000403,90.01313899998786,111.81927800000994
749,82.83445199998096,70.62604800000554,90.75891900004353,103.07261400000425
750,85.88449100003345,78.60501399997156,92.46435199998086,87.27501199999824
751,88.39207900001202,72.95438899996225,87.39109400002053,104.46771799999988
752,111.67257099994458,74.2096620000084,87.06968099996448,128.02212300000247
753,85.6974100000225,71.86998800002038,97.93181399995228,95.26247800001875
754,84.48671999998624,74.9770669999998,90.21730200003367,92.42135300004156
755,85.68315999995684,82.95782499999041,93.64112699998077,94.55290599999717
756,86.27052700001514,75.05931599996984,95.04256500001065,102.65262000000803
757,88.32120499998564,70.42425999999978,91.11966399999801,98.34189100004733
758,84.62613500002772,75.20048100000713,92.7489320000168,100.6613570000045
759,90.73304399999324,78.2288529999787,92.23418899998069,85.52970499999356
760,82.45558300003177,88.59361700003501,84.3834720000159,95.82334499998251
761,84.25543099996867,74.21441199997207,111.74519500002498,90.78312700003153
762,84.81454799999483,75.08706599997822,86.17894500005059,85.91382399998838
763,86.29123500001151,79.71674800000619,92.4345200000098,112.85001299995929
764,109.27160599996569,74.54182300000684,92.1207750000176,110.66637800005265
765,90.50929799996084,71.98027800000273,89.42806300002849,88.2596650000196
766,87.88812900002813,68.2498740000301,92.59697600000072,90.44979899999453
767,88.17470700002741,78.29481099999975,87.1533889999846,108.4040779999923
768,87.79771300003631,71.2227890000213,89.40356400003657,90.08751199999824
769,83.86110400001053,69.16744500002824,89.33677400002489,93.74525100004394
770,90.06709600001341,75.43206000002101,95.5623069999856,76.82949899998493
771,108.0900810000021,73.06538699998055,90.85954299999867,90.9409169999999
772,84.65271799999755,74.01016500004334,89.81780800002161,91.027706999972
773,78.80397000000812,69.25435999996262,88.12816600000951,87.19080500002019
774,81.30059999995865,71.98519500001566,87.43338499998208,89.25802400003886
775,106.92701600003056,73.2817170000053,89.41027200000826,91.04824899998493
776,97.76315000001341,72.20523299998604,88.07766700000502,95.37951900000917
777,88.77094899996882,74.3639930000063,101.05385199998273,93.69954299996607
778,103.96743499999866,73.73541900003329,88.00796000001719,93.93079000001308
779,84.1886410000152,70.82991999998922,93.18409199995222,91.07683099998394
780,90.75541999994311,72.7301420000149,88.32966300001135,90.07584599999245
781,85.08212699997239,74.09603900002548,95.763845999958,88.2264140000334
782,89.41264799999772,74.81431899999734,91.99585999996634,93.78000000002794
783,88.08233300002757,72.20598300005076,90.46200699999463,91.31045299995458
784,86.4791490000207,68.9279899999965,90.46871599997394,105.55049399996642
785,87.78279600001406,72.96955600002548,87.73583899997175,90.74229399999604
786,85.95203099999344,74.89977700001327,90.00759699998889,90.49146499997005
787,90.0962620000355,76.59437700000126,93.65425200003665,94.69607000000542
788,83.75610499997856,74.73411299998406,90.36254999996163,116.7104560000007
789,85.63086999999359,72.40314700000454,94.07866200001445,88.54461799998535
790,86.05557100003352,73.56008800002746,86.761977999995,118.1999749999959
791,86.46973299997626,75.4297690000385,96.38392100000056,90.6515880000079
792,89.57156200002646,74.21412000001874,89.52547900000354,89.39948099997127
793,105.33241400000406,78.07839699997567,98.57488799997373,92.8166809999966
794,92.60922500002198,82.43899999995483,87.33801100001438,95.8708859999897
795,95.34093500004383,71.34645400004229,97.8705230000196,96.46062799997162
796,99.24550299998373,74.68007199995918,90.0720539999893,97.48815400002059
797,80.44894599996042,74.50999099999899,90.59267199999886,90.74754399998346
798,82.97795000002952,74.26428600004874,91.43011800001841,92.43568700004835
799,120.9404349999968,74.93394299998181,88.65749199996935,94.70694499998353
800,85.46049700002186,72.69805900001666,96.05700800003251,91.25416200002655
801,85.32145699998364,78.46718300000066,87.62033999996493,108.56957499997225
802,87.42546800000127,72.98847099998966,91.84798700001556,89.62435300002107
803,95.21806300000753,70.13955500000156,89.00165399996331,97.38873900001636
804,87.44884299999103,71.40391199995065,91.46182600001339,90.92700100003276
805,83.12411500001326,79.80257999995956,92.44964499998605,86.08998799999245
806,85.41012300003786,73.31050900003174,89.80810000002384,88.86694800003897
807,86.65081299998565,72.0575269999681,90.86275099997874,92.03485900000669
808,90.84491799998796,75.57410100003472,91.70419700001366,90.06213799997931
809,97.98585499997716,88.9081550000119,90.29080100002466,92.58535100001609
810,85.34741500002565,73.40175699995598,87.55121700000018,92.11639999999898
811,93.30238199996529,93.4200880000135,85.86249099997804,126.92509699997026
812,88.31712099997094,72.26556500000879,108.58557500003371,110.04305400000885
813,85.40953900001477,74.54744900000514,85.12166800000705,105.3109139999724
814,100.22252999996999,73.47908900002949,91.16899600002216,113.14021600002889
815,116.81107899994822,77.58423700003186,90.41271599999163,95.92251100001158
816,86.35519199998816,87.10059799998999,86.17398600000888,87.31934400001774
817,87.86150300002191,72.63268499996047,98.34014099999331,100.69906499999342
818,90.68396200001007,77.08611899998505,92.9595959999715,94.66777900001034
819,85.32962400000542,82.4818320000195,91.96727600001032,89.66114400001243
820,87.46667599998182,72.91309799998999,90.14613700000336,91.65544800000498
821,89.13527700002305,76.96953800000483,89.06786000001011,95.14027199998964
822,92.33535399998073,77.03703699994367,89.94430600001942,110.27375800005393
823,94.17728600004921,79.47712600004161,85.94036499998765,94.28924299997743
824,86.40439999999944,76.8949980000034,89.260065999988,95.19889600004535
825,88.62540899997111,74.42286699998658,90.77508599997964,89.52402099996107
826,84.0490179999615,77.40078199998243,84.77138200000627,88.1853729999857
827,83.62806600000476,75.94009500002721,94.79494399996474,90.01401300000725
828,100.08103300002404,75.9716780000017,90.55883900000481,88.03537599998526
829,89.13961000001291,78.10514599998714,94.17886899999576,93.96782999997959
830,85.54462000000058,73.18859299999895,88.59565899998415,89.12969300005352
831,89.61472800001502,86.11273699998856,99.15792099997634,91.72398800001247
832,84.8795880000107,71.71832300000824,88.15204100002302,94.78498499997659
833,97.61540200002491,77.79756700003054,88.49970200000098,93.31788200000301
834,92.3041469999589,88.94157099997392,91.1961209999863,103.3737770000007
835,87.21522099996218,73.86583299998892,89.85593299998436,87.52379999996629
836,87.0315989999799,74.76794599997811,92.59114299999783,114.87414900003932
837,110.24984200001927,71.82040600001346,90.67316999996547,113.81033100001514
838,86.29473500000313,74.14870499999961,87.6877150000073,87.2228040000191
839,103.65247999998974,76.6575839999714,95.87334400002146,92.24318900000071
840,88.08841699996265,74.24703600001521,93.9579139999696,95.08281399996486
841,114.78373399999691,73.64246199995978,97.87027300003683,103.04553100001067
842,92.73405700002331,71.80090600001859,91.18620499997633,95.11897999997018
843,85.60986900003627,72.97509699995862,89.50564599997597,88.24287299998105
844,84.79442299995571,76.19888199999696,87.45876000000862,89.26027500000782
845,92.01323400001274,70.52863299997989,88.17216600000393,93.26517400000012
846,85.72686799999792,70.91979299997911,102.04183699999703,74.41036700003315
847,84.97204600000987,104.26317999995081,94.49361499998486,87.48442599998089
848,96.44462800002657,71.78890599997249,93.52883699996164,74.25632799998857
849,90.31996699998854,70.68787999998312,89.01652800000738,90.65808700001799
850,88.01237599999877,72.30135600001086,86.06753000000026,107.76896200003102
851,89.37244000000646,77.70361099997535,93.98878899996635,93.51483800000278
852,80.4136540000327,70.86171099997591,85.30483199999435,92.09594200004358
853,85.99548900005175,76.51621199998772,89.79905800003326,109.28327299997909
854,90.19134399999166,74.04991499998141,86.864934000012,93.82545800000662
855,85.46912199998042,72.86980700003915,89.52722899999935,91.75027999997837
856,101.46280400000978,74.49203300004592,96.3751700000139,89.98809699999401
857,105.64303500001552,78.67101399996318,91.70186400000239,95.77317999996012
858,118.45955499995034,75.29035500000464,92.65359999996144,112.64205700001912
859,122.44074700004421,75.08669100003317,90.07409599999664,88.07125000003725
860,92.072565999988,74.08487200003583,89.72031000000425,90.57925499998964
861,86.00348900002427,75.935261000006,88.03041800000938,97.3192820000113
862,85.92957300000126,73.22184299997753,104.23172199999681,90.98904099996435
863,86.68993799999589,74.0360389999696,88.72982399998,94.50136499997461
864,85.30833299999358,78.5872649999801,99.19271299999673,90.0536790000042
865,85.78928399999859,76.00105199997779,85.33487399999285,91.32266100001289
866,90.54254699999001,71.46811900002649,94.38465700001689,93.8678320000181
867,86.35015100002056,74.39986700000009,101.80800799996359,93.39846399996895
868,88.00504299998283,72.8453069999814,88.67295000003651,84.8769639999955
869,91.15616299997782,72.13402599998517,97.3411559999804,92.97880299994722
870,84.23530599998776,70.83546099998057,92.18923200003337,84.99667000002228
871,83.10103199997684,72.57614399999147,89.5076869999757,87.48850799998036
872,94.84398399997735,73.44525699998485,91.43374299997231,95.33014400000684
873,92.92759600002319,72.79543200001353,100.33244500000728,91.43224300001748
874,109.11906699999236,69.84439300000668,92.08135799999582,93.65416899998672
875,90.953332999954,72.89897300000302,93.31879799999297,94.4090740000247
876,89.03782000002684,75.67534900002647,96.23342299996875,113.41612900001928
877,86.7884770000237,74.93335900001694,91.12203899997985,90.8610430000117
878,85.06654400000116,70.04038899997249,94.45773999998346,110.04567799996585
879,105.07837599999039,72.73564199998509,94.9452750000055,109.25964799994836
880,86.17086199996993,76.7462499999674,104.62338200001977,92.03085899999132
881,96.3899200000451,73.22009300003992,93.34159000002546,88.52711800002726
882,85.42120600002818,70.09318000002531,88.65578400000231,89.79293400002643
883,84.73025799996685,77.00033000000985,88.48570299998391,90.99108200002229
884,84.61767599999439,73.20080200000666,87.09301499999128,91.5747819999815
885,85.13621000002604,88.11149999999907,92.06681700004265,107.18792900000699
886,86.56431499996688,58.34268699999666,86.28802700003143,91.75319600000512
887,92.82572199997958,73.53096300002653,91.37811799999326,95.06181500002276
888,89.01565300003858,85.70936899998924,94.1874110000208,95.01485700003104
889,93.12313399999402,89.4677720000036,97.24282400001539,91.40736800001469
890,81.97054799995385,105.55203600000823,94.40528299997095,93.85258300002897
891,85.74924299999839,81.78042600001208,92.4345200000098,92.9481369999703
892,70.42392500001006,75.09473200002685,91.86781899997732,121.50305200001458
893,100.58381699997699,78.56430700002238,91.24132900004042,95.21989599999506
894,101.0378099999507,75.52651799999876,92.91722100001061,119.61891299998388
895,92.23260600003414,75.27977100003045,94.71740299998783,95.0894800000242
896,87.83441999997012,75.81705499999225,87.47334299999056,88.83803000004264
897,88.91532199998619,74.60811400000239,92.3686039999593,93.82054099999368
898,94.22095200000331,92.23939800000517,86.11827899998752,93.56850300001679
899,92.6929329999839,76.41671299998416,89.17431700002635,89.21102500002598
900,84.73500799998874,75.31635500001721,93.7088770000264,90.15117799997097
901,87.71192199998768,72.64814299996942,102.71036899997853,93.22484100004658
902,91.08366399997612,79.64637400000356,86.61673000000883,98.59497099998407
903,88.73569900001166,76.31200600002194,91.30170300003374,95.78630400000839
904,81.97054799995385,58.4853090000106,90.38179999997374,91.65790599997854
905,85.5760790000204,75.1309819999733,91.91565199999604,92.3058960000053
906,82.31208400003379,72.61664299998665,88.61724200000754,90.53517299995292
907,106.30189999996219,71.18891500000609,87.48063399997773,92.50130999996327
908,85.24629199999617,73.50792199996067,92.28931399999419,105.77928199997405
909,92.31656399997883,74.27866100001847,89.06756900000619,95.70551400003023
910,87.8542529999977,75.12535699998261,87.85629600001266,92.29102199996123
911,96.01846699998714,75.1275649999734,86.85297599999467,90.88520900002914
912,88.42241200001445,72.07881800003815,90.36371699994197,91.27528699999675
913,82.72332900000038,73.77679400000488,91.76282099995296,92.75951499998337
914,84.892463999975,71.61770000000251,91.2773280000547,96.31833800004097
915,92.62672499998007,72.2424400000018,94.08591200003866,96.19142300001113
916,71.96348600002239,73.64562900003511,92.64859999995679,94.09507899999153
917,86.22531899996102,75.18752300000051,92.1276910000015,92.02181800000835
918,85.29083299997728,72.94218000001274,93.71320900000865,87.95916800003033
919,83.27077999996254,70.15559600002598,88.90832099999534,92.3702709999634
920,86.83247699995991,76.57883600000059,87.24422100000083,89.31235800002469
921,83.69743900001049,84.74221600004239,91.30066100001568,92.38814499997534
922,82.97649200004525,72.06802599999355,94.24370200000703,91.36703500000294
923,82.67641300003743,70.23346999997739,93.30363300000317,92.90497199998936
924,83.07449099997757,76.63804300001357,93.05238499998813,90.56437999999616
925,82.66303799999878,76.00284400000237,89.62989400001243,91.2576199999894
926,84.32134700001916,67.86137999995844,88.45595299999695,93.10213499999372
927,89.36014899995644,75.38889500004007,107.06834699999308,90.62533800001256
928,109.08844199997839,74.50744899996789,89.84197399998084,112.20868799998425
929,83.20982200000435,75.46472699998412,90.28292600001441,108.85402899998007
930,91.22862000000896,73.78771000000415,96.14009000000078,90.23567700001877
931,100.53606700000819,76.10175899998285,109.32402200001525,93.43550500000129
932,90.73525299999164,76.9003720000037,88.25237300002482,93.74612500000512
933,91.46715899999253,79.61558300000615,96.30142100004014,91.75640499999281
934,111.11374600004638,72.19019200000912,91.82027900003595,105.8644889999996
935,91.12887200003024,72.26102399994852,96.51575200003572,92.53747700003441
936,87.86154499999247,77.99043999996502,91.29674499999965,93.39262999995844
937,86.63860499998555,70.43705100001534,108.19970499997726,112.41456000000471
938,85.50057999999262,71.63520000001881,86.40423300000839,88.44253699999535
939,89.0013199999812,71.1927479999722,90.26367700000992,87.8542529999977
940,91.17862100002822,73.36267500004033,93.89174799999455,90.28642599994782
941,97.83752400003141,82.00379699998302,91.05033200001344,95.66930599999614
942,87.55675800004974,74.37382600002456,91.56290700001409,92.34764600003837
943,90.08613700000569,68.36895600002026,90.59617199999047,89.41318899998441
944,85.21966699999757,72.25498299999163,93.44513000000734,91.6977809999953
945,93.02922000002582,75.57509999995818,92.67755800002487,93.19309200003045
946,83.52981699997326,91.79227899998659,88.39878699998371,94.27807599998778
947,86.08386299997801,72.83889100002125,90.5620470000431,90.66762899997411
948,85.04554500000086,77.7493179999874,90.7501700000139,109.94622100004926
949,88.01787599996896,71.3759120000177,88.69832399999723,122.08962599997176
950,88.35424700001022,73.89879199996358,88.10216599999694,114.27478300000075
951,87.08455600001616,73.80479199998081,89.3612729999586,94.89119200001005
952,103.20298699999694,79.68995700002415,93.27479900000617,88.02495999995153
953,83.15119800000684,71.05420899996534,93.95437200000742,93.71512599999551
954,84.98750400001882,78.56888999999501,87.32401199999731,88.80624000000535
955,87.04489000001922,78.3373090000241,92.46197699999902,107.13647099997615
956,97.28486499999417,73.69691999995848,93.11496799997985,92.11602400004631
957,98.61172099999385,76.16163400001824,90.16888700000709,91.80948799999896
958,101.25226599996677,73.33529899996938,91.74036300001899,99.97328400000697
959,87.58654899999965,71.63665800000308,86.65143800002988,89.13415200001327
960,86.44727399997646,73.45863100001588,91.21628700004658,90.94500000000698
961,113.31113000004552,79.46137700002873,89.01156999997329,85.63586900004884
962,82.7813689999748,73.51000499998918,94.01416399999289,90.84233499999391
963,100.07490700000199,76.00780299998587,90.96425000001909,108.37332800001604
964,97.25111599999946,79.67458200000692,87.7355469999602,91.33116099995095
965,108.82477900001686,80.9514799999888,89.79993399995146,94.26691000000574
966,83.1555309999967,76.33825600001728,93.46908799995435,91.24132899998222
967,86.94018400000641,72.4848120000097,92.40681199997198,90.1589699999895
968,120.92147699999623,69.45648200000869,87.42463500000304,97.2842819999787
969,90.82046000001719,75.9479290000163,90.82075200002873,90.12542799999937
970,85.7475759999943,83.0223250000272,88.84794800000964,101.2412239999976
971,86.8992670000298,75.37989499996183,93.07238600001438,91.28157900000224
972,81.62259499996435,90.29392600001302,76.11892499995884,87.02914100000635
973,102.87986700003967,74.72586299997056,92.51901899999939,96.43429400003515
974,83.7613559999736,68.63049399998272,122.65890999999829,87.95487700001104
975,87.595840999973,72.09544300002744,88.07008400000632,88.66949100000784
976,109.01173500000732,76.17579899996053,87.96479399997042,96.04325899999822
977,86.2466940000304,88.87423800001852,94.43823999998858,90.36109200003557
978,84.30759699997725,74.16624600003706,92.7506820000126,93.37658999999985
979,86.49714800005313,73.14192800002638,88.33812099997886,86.48344000003999
980,83.35565300000599,72.53818600001978,90.35255100001814,91.46036800002912
981,87.96887699997751,73.47467199998209,94.62957099999767,89.58264500001678
982,94.698069999984,72.5058119999594,92.85392999998294,93.98528799996711
983,82.88986799999839,77.94039900001371,90.90212499996414,91.79840400000103
984,96.19779800000833,72.39093900000444,94.09899499994935,92.4345200000098
985,87.52238400001079,72.51631199999247,90.78983499994501,85.24183299997821
986,88.8786549999495,71.95865300000878,91.85411099996418,96.34321200003615
987,126.64418499998283,75.34372900001472,106.91330799995922,95.10293900000397
988,90.08163799997419,75.74363899999298,89.92126500001177,112.81092900002841
989,84.48409500002163,68.67453499999829,95.09802199999103,100.56710899999598
990,89.06323599995812,70.87171099998523,92.05185899999924,93.38504700001795
991,94.79298500000732,84.6007179999724,88.08379200001946,77.04787100001704
992,86.92189300002065,69.45677299995441,92.52756000001682,95.87146900000516
993,83.59510700003011,69.93159900000319,89.88568199996371,99.02971500001149
994,92.67135000001872,74.54249100002926,95.46168399997987,90.38442499999655
995,85.4824549999903,70.36671799997566,101.40297100000316,96.03100800001994
996,83.19932099996367,73.79233500000555,94.67886200000066,94.79040100000566
997,87.65446499997051,72.4597289999947,90.37246699997922,94.18853600003058
998,106.34627500001807,76.39396300003864,93.3042570000398,93.34363200003281
999,85.86249099997804,82.65591299999505,88.8243229999789,89.41902199998731